,Current Price,Original Price,Discount Percentage,Rating,Number OF Ratings,Battery Life (Days),Discount Price,Brand_apple,Brand_boat,Brand_dizo,Brand_fire-boltt,Brand_garmin,Brand_noise,Brand_pebble,Brand_samsung,Brand_zebronics,Dial Shape_Contemporary,Dial Shape_Curved,Dial Shape_Oval,Dial Shape_Rectangle,Dial Shape_Square,Strap Color_Blue,Strap Color_Green,Strap Color_Grey,Strap Color_Others,Strap Color_Pink,Strap Color_Red,Strap Color_Silver,Strap Material_Fluoroelastomer,Strap Material_Leather,Strap Material_Other,Strap Material_Others,Strap Material_Rubber,Strap Material_Silicon,Strap Material_Stainless Steel
0,82990.0,89900.0,7.686318131,4.0,65.0,8.0,6910.0,0,0,0,0,0,1,0,0,0,0,0,0,0,0,0,0,0,0,0,0,0,0,0,0,0,0,0,0
1,3799.0,16999.0,77.65162657,4.3,20788.0,3.5,13200.0,0,0,0,1,0,0,0,0,0,0,0,0,0,0,0,0,0,0,0,0,0,0,0,0,0,0,1,0
2,1999.0,7990.0,74.98122653,3.8,21724.0,8.0,5991.0,0,1,0,0,0,0,0,0,0,0,0,0,0,0,0,0,0,0,0,0,0,0,0,0,0,0,1,0
3,1799.0,19999.0,91.00455023,4.3,13244.0,3.5,18200.0,0,0,0,1,0,0,0,0,0,0,0,0,0,0,0,0,0,0,0,0,0,0,0,0,0,0,1,0
4,1599.0,4999.0,68.01360272,4.1,13901.0,8.0,3400.0,0,0,0,0,0,1,0,0,0,0,0,0,0,0,0,0,0,0,0,0,0,0,0,1,0,0,0,0
5,1499.0,3999.0,62.51562891,4.0,32704.0,8.0,2500.0,0,0,0,0,0,1,0,0,0,0,0,0,0,0,0,0,0,0,0,0,0,0,0,1,0,0,0,0
6,1999.0,4999.0,60.0120024,4.1,1018.0,17.5,3000.0,0,0,0,0,0,1,0,0,0,0,0,0,0,0,0,0,0,0,0,0,0,0,0,0,0,0,0,0
7,1799.0,3999.0,55.01375344,4.0,32704.0,8.0,2200.0,0,0,0,0,0,1,0,0,0,0,0,0,0,0,0,0,0,0,0,0,0,0,0,1,0,0,0,0
8,1999.0,6499.0,69.24142176,4.1,39479.0,8.0,4500.0,0,0,0,0,0,1,0,0,0,0,0,0,0,0,0,0,0,0,0,0,0,0,0,1,0,0,0,0
9,1999.0,5999.0,66.67777963,4.1,39479.0,8.0,4000.0,0,0,0,0,0,1,0,0,0,0,0,0,0,0,0,0,0,0,0,0,0,0,0,1,0,0,0,0
10,1999.0,5999.0,66.67777963,4.1,8765.0,8.0,4000.0,0,0,0,0,0,1,0,0,0,0,0,0,0,0,0,0,0,0,0,0,0,0,0,1,0,0,0,0
11,1799.0,3999.0,55.01375344,4.0,32704.0,8.0,2200.0,0,0,0,0,0,1,0,0,0,0,0,0,0,0,0,0,0,0,0,0,0,0,0,1,0,0,0,0
12,3799.0,7999.0,52.50656332,3.8,545.0,8.0,4200.0,0,0,0,0,0,1,0,0,0,0,0,0,0,0,0,0,0,0,0,0,0,0,0,0,0,0,0,0
13,3499.0,5999.0,41.67361227,3.8,281.0,8.0,2500.0,0,0,0,0,0,1,0,0,0,0,0,0,0,0,0,0,0,0,0,0,0,0,0,0,0,0,0,0
14,1999.0,5999.0,66.67777963,4.1,9081.0,17.5,4000.0,0,0,0,0,0,1,0,0,0,0,0,0,0,0,0,0,0,0,0,0,0,0,0,1,0,0,0,0
15,1499.0,4999.0,70.0140028,4.0,93075.0,3.6,3500.0,0,0,0,0,0,1,0,0,0,0,0,0,0,0,0,0,0,0,0,0,0,0,0,0,1,0,0,0
16,1799.0,4999.0,64.01280256,4.1,13901.0,8.0,3200.0,0,0,0,0,0,1,0,0,0,0,0,0,0,0,0,0,0,0,0,0,0,0,0,1,0,0,0,0
17,1999.0,5999.0,66.67777963,4.1,8765.0,8.0,4000.0,0,0,0,0,0,1,0,0,0,0,0,0,0,0,0,0,0,0,0,0,0,0,0,1,0,0,0,0
18,1999.0,5999.0,66.67777963,4.1,9081.0,17.5,4000.0,0,0,0,0,0,1,0,0,0,0,0,0,0,0,0,0,0,0,0,0,0,0,0,1,0,0,0,0
19,2499.0,5999.0,58.34305718,3.5,227.0,17.5,3500.0,0,0,0,0,0,1,0,0,0,0,0,0,0,0,0,0,0,0,0,0,0,0,0,0,0,0,0,0
20,1799.0,3999.0,55.01375344,4.0,32704.0,8.0,2200.0,0,0,0,0,0,1,0,0,0,0,0,0,0,0,0,0,0,0,0,0,0,0,0,1,0,0,0,0
21,2999.0,5999.0,50.00833472,4.1,5866.0,17.5,3000.0,0,0,0,0,0,1,0,0,0,0,0,0,0,0,0,0,0,0,0,0,0,0,0,1,0,0,0,0
22,2699.0,7990.0,66.22027534,4.2,71481.0,8.0,5291.0,0,1,0,0,0,0,0,0,0,0,0,0,0,0,0,0,0,0,0,0,0,0,0,0,0,0,1,0
23,2499.0,7990.0,68.72340426,4.2,71481.0,8.0,5491.0,0,1,0,0,0,0,0,0,0,0,0,0,0,0,0,0,0,0,0,0,0,0,0,0,0,0,1,0
24,1999.0,7990.0,74.98122653,3.8,21724.0,8.0,5991.0,0,1,0,0,0,0,0,0,0,0,0,0,0,0,0,0,0,0,0,0,0,0,0,0,0,0,1,0
25,1199.0,6990.0,82.84692418,4.0,27771.0,8.0,5791.0,0,1,0,0,0,0,0,0,0,0,0,0,0,0,0,0,0,0,0,0,0,0,0,0,0,0,1,0
26,1799.0,6990.0,74.26323319,3.9,2931.0,8.0,5191.0,0,1,0,0,0,0,0,0,0,0,0,0,0,0,0,0,0,0,0,0,0,0,0,0,1,0,0,0
27,1999.0,7990.0,74.98122653,3.8,21724.0,8.0,5991.0,0,1,0,0,0,0,0,0,0,0,0,0,0,0,0,0,0,0,0,0,0,0,0,0,0,0,1,0
28,2599.0,7990.0,67.4718398,4.2,71481.0,8.0,5391.0,0,1,0,0,0,0,0,0,0,0,0,0,0,0,0,0,0,0,0,0,0,0,0,0,0,0,1,0
29,1999.0,7990.0,74.98122653,3.6,827.0,8.0,5991.0,0,1,0,0,0,0,0,0,0,0,0,0,0,0,0,0,0,0,0,0,0,0,0,0,0,0,0,0
30,1999.0,7990.0,74.98122653,3.6,827.0,8.0,5991.0,0,1,0,0,0,0,0,0,0,0,0,0,0,0,0,0,0,0,0,0,0,0,0,0,0,0,0,0
31,1199.0,6990.0,82.84692418,4.0,27771.0,8.0,5791.0,0,1,0,0,0,0,0,0,0,0,0,0,0,0,0,0,0,0,0,0,0,0,0,0,0,0,1,0
32,1799.0,4999.0,64.01280256,4.0,69803.0,17.5,3200.0,0,0,0,0,0,1,0,0,0,0,0,0,0,0,0,0,0,0,0,0,0,0,0,1,0,0,0,0
33,1699.0,6990.0,75.69384835,3.9,23498.0,8.0,5291.0,0,1,0,0,0,0,0,0,0,0,0,0,0,0,0,0,0,0,0,0,0,0,0,0,0,0,0,1
34,1799.0,4999.0,64.01280256,4.1,13901.0,8.0,3200.0,0,0,0,0,0,1,0,0,0,0,0,0,0,0,0,0,0,0,0,0,0,0,0,1,0,0,0,0
35,1199.0,6990.0,82.84692418,4.0,27771.0,8.0,5791.0,0,1,0,0,0,0,0,0,0,0,0,0,0,0,0,0,0,0,0,0,0,0,0,0,0,0,1,0
36,1449.0,5990.0,75.8096828,3.9,3944.0,17.5,4541.0,0,1,0,0,0,0,0,0,0,0,0,0,0,0,0,0,0,0,0,0,0,0,0,0,0,0,0,0
37,1899.0,6499.0,70.78012002,3.7,328.0,8.0,4600.0,0,1,0,0,0,0,0,0,0,0,0,0,0,0,0,0,0,0,0,0,0,0,0,0,0,0,0,0
39,11499.0,18999.0,39.47576188,3.9,406.0,12.5,7500.0,0,0,0,0,0,0,0,0,0,0,0,0,0,0,0,0,0,0,0,0,0,0,0,0,0,0,0,0
40,2199.0,1868.0,17.71948608,4.1,181.0,3.5,-331.0,0,0,0,0,0,0,0,0,0,0,0,0,0,0,0,0,0,0,0,0,0,0,0,0,0,0,0,0
41,11499.0,9773.0,17.66090249,4.2,20.0,12.5,-1726.0,0,0,0,0,0,0,0,0,0,0,0,0,0,0,0,0,0,0,0,0,0,0,0,0,0,0,0,0
42,14999.0,12499.0,20.00160013,3.9,100.0,0.75,-2500.0,0,0,0,0,0,0,0,0,0,0,0,0,0,0,0,0,0,0,0,0,0,0,0,1,0,0,0,0
43,2999.0,9999.0,70.0070007,4.3,674.0,12.5,7000.0,0,0,0,0,0,0,0,0,0,0,0,0,0,0,0,0,0,0,0,0,0,0,0,0,0,0,0,0
44,8999.0,14999.0,40.00266684,4.4,7792.0,17.5,6000.0,0,0,0,0,0,0,0,0,0,0,0,0,0,0,0,0,0,0,0,0,0,0,0,0,0,0,0,0
45,5999.0,14999.0,60.00400027,4.3,996.0,8.0,9000.0,0,0,0,0,0,0,0,0,0,0,0,0,0,0,0,0,0,0,0,0,0,0,0,0,0,0,0,0
46,8999.0,7473.0,20.42017931,4.1,323.0,0.75,-1526.0,0,0,0,0,0,0,0,0,0,0,0,0,0,0,0,0,0,0,0,0,0,0,0,1,0,0,0,0
47,11999.0,30990.0,61.28105841,4.1,72.0,17.5,18991.0,0,0,0,0,0,0,0,1,0,0,0,0,0,0,0,0,0,0,0,0,0,0,0,0,0,0,0,0
48,18410.0,37999.0,51.55135661,4.3,5228.0,3.6,19589.0,0,0,0,0,0,0,0,1,0,0,0,0,0,0,0,0,0,0,0,0,0,0,0,0,0,0,0,0
49,3999.0,7994.5,54.200724635,4.3,5228.0,3.6,4100.0,0,0,0,0,0,0,0,1,0,0,0,0,0,0,0,0,0,0,0,0,0,0,0,0,0,0,0,0
50,17999.0,19990.0,9.95997999,4.3,5228.0,3.6,1991.0,0,0,0,0,0,0,0,1,0,0,0,0,0,0,0,0,0,0,0,0,0,0,0,0,0,0,0,0
51,18000.0,34999.0,48.56995914,4.3,5228.0,17.5,16999.0,0,0,0,0,0,0,0,1,0,0,0,0,0,0,0,0,0,0,0,0,0,0,0,0,0,0,0,0
52,16990.0,22490.0,24.45531347,4.3,312.0,22.0,5500.0,0,0,0,0,1,0,0,0,0,0,0,0,0,0,0,0,0,0,0,0,0,0,0,0,0,0,1,0
53,27990.0,36490.0,23.29405317,4.5,4339.0,17.5,8500.0,0,0,0,0,1,0,0,0,0,0,0,0,0,0,0,0,0,0,0,0,0,0,0,0,0,0,0,0
54,3999.0,7994.5,54.200724635,3.7,6.0,22.0,4100.0,0,0,0,0,1,0,0,0,0,0,0,0,0,0,0,0,0,0,0,0,0,0,0,0,0,0,0,0
55,18990.0,27990.0,32.15434084,4.3,19.0,17.5,9000.0,0,0,0,0,1,0,0,0,0,0,0,0,0,0,0,0,0,0,0,0,0,0,0,0,0,0,0,0
56,3999.0,7994.5,54.200724635,5.0,1.0,22.0,4100.0,0,0,0,0,1,0,0,0,0,0,0,0,0,0,0,0,0,0,0,0,0,0,0,0,0,0,0,0
57,34990.0,51990.0,32.69859588,4.3,19.0,8.0,17000.0,0,0,0,0,1,0,0,0,0,0,0,0,0,0,0,0,0,0,0,0,0,0,0,0,1,0,0,0
58,3999.0,7994.5,54.200724635,3.8,38.0,8.0,4100.0,0,0,0,0,1,0,0,0,0,0,0,0,0,0,0,0,0,0,0,0,0,0,0,0,0,0,0,1
59,20990.0,25990.0,19.23816853,4.3,127.0,17.5,5000.0,0,0,0,0,1,0,0,0,0,0,0,0,0,0,0,0,0,0,0,0,0,0,0,0,0,0,0,0
60,18990.0,20490.0,7.320644217,3.5,7.0,17.5,1500.0,0,0,0,0,1,0,0,0,0,0,0,0,0,0,0,0,0,0,0,0,0,0,0,0,0,0,0,0
61,78490.0,89460.0,12.26246367,4.4,6.0,17.5,10970.0,0,0,0,0,1,0,0,0,0,0,0,0,0,0,0,0,0,0,0,0,0,0,0,0,0,0,0,0
62,26581.0,42513.0,37.4755957,4.7,830.0,17.5,15932.0,0,0,0,0,0,0,0,0,0,0,0,0,0,0,0,0,0,0,0,0,0,0,0,0,0,0,0,0
63,16499.0,29999.0,45.00150005,4.7,7108.0,17.5,13500.0,0,0,0,0,0,0,0,0,0,0,0,0,0,0,0,0,0,0,0,0,0,0,0,0,0,0,0,0
64,6400.0,11999.0,46.66222185,4.5,49.0,8.0,5599.0,0,0,0,0,0,0,0,0,0,0,0,0,0,0,0,0,0,0,0,0,0,0,0,0,0,0,0,0
65,3799.0,7999.0,52.50656332,3.8,545.0,8.0,4200.0,0,0,0,0,0,1,0,0,0,0,0,0,0,0,0,0,0,0,0,0,0,0,0,0,0,0,0,0
66,2126.0,5999.0,64.56076013,3.7,18.0,8.0,3873.0,0,0,1,0,0,0,0,0,0,0,0,0,0,0,0,0,0,0,0,0,0,0,0,0,0,0,0,0
67,2126.0,5999.0,64.56076013,3.7,18.0,8.0,3873.0,0,0,1,0,0,0,0,0,0,0,0,0,0,0,0,0,0,0,0,0,0,0,0,0,0,0,0,0
68,2999.0,1669.0,79.68843619,4.0,2.0,17.5,-1330.0,0,0,1,0,0,0,0,0,0,0,0,0,0,0,0,0,0,0,0,0,0,0,0,0,0,0,0,0
69,3999.0,7994.5,54.200724635,2.4,7.0,17.5,4100.0,0,0,1,0,0,0,0,0,0,0,0,0,0,0,0,0,0,0,0,0,0,0,0,0,0,0,0,0
70,2126.0,5999.0,64.56076013,3.7,18.0,8.0,3873.0,0,0,1,0,0,0,0,0,0,0,0,0,0,0,0,0,0,0,0,0,0,0,0,0,0,0,0,0
71,3999.0,7994.5,54.200724635,4.3,39274.0,3.5,4100.0,0,0,0,1,0,0,0,0,0,0,0,0,0,0,0,0,0,0,0,0,0,0,0,0,0,0,1,0
72,4299.0,6999.0,38.57693956,2.5,2.0,8.0,2700.0,0,0,1,0,0,0,0,0,0,0,0,0,0,0,0,0,0,0,0,0,0,0,0,0,0,0,0,0
73,1299.0,9999.0,87.00870087,4.2,25784.0,8.0,8700.0,0,0,0,1,0,0,0,0,0,0,0,0,0,0,0,0,0,0,0,0,0,0,0,0,0,0,1,0
74,1799.0,9999.0,82.00820082,4.2,33415.0,8.0,8200.0,0,0,0,1,0,0,0,0,0,0,0,0,0,0,0,0,0,0,0,0,0,0,0,0,0,0,1,0
75,1799.0,4999.0,64.01280256,4.1,13901.0,8.0,3200.0,0,0,0,0,0,1,0,0,0,0,0,0,0,0,0,0,0,0,0,0,0,0,0,1,0,0,0,0
76,1699.0,5499.0,69.10347336,2.7,10.0,17.5,3800.0,0,0,0,0,0,0,0,0,0,0,0,0,0,0,0,0,0,0,0,0,0,0,0,0,0,0,0,0
77,1599.0,5999.0,73.34555759,4.3,37.0,12.5,4400.0,0,0,0,0,0,0,0,0,0,0,0,0,0,0,0,0,0,0,0,0,0,0,0,0,0,0,0,0
79,1699.0,7999.0,78.75984498,2.0,5.0,17.5,6300.0,0,0,0,0,0,0,0,0,0,0,0,0,0,0,0,0,0,0,0,0,0,0,0,0,0,0,0,0
80,3299.0,5999.0,45.00750125,4.0,102.0,8.0,2700.0,0,0,0,0,0,0,0,0,0,0,0,0,0,0,0,0,0,0,0,0,0,0,0,0,0,0,0,0
81,1499.0,5999.0,75.01250208,3.0,2.0,17.5,4500.0,0,0,0,0,0,0,0,0,0,0,0,0,0,0,0,0,0,0,0,0,0,0,0,0,0,0,0,0
82,3299.0,5999.0,45.00750125,4.0,102.0,12.5,2700.0,0,0,0,0,0,0,0,0,0,0,0,0,0,0,0,0,0,0,0,0,0,0,0,0,1,0,0,0
83,1699.0,5499.0,69.10347336,2.5,3.0,17.5,3800.0,0,0,0,0,0,0,0,0,0,0,0,0,0,0,0,0,0,0,0,0,0,0,0,0,0,0,0,0
84,2368.0,4499.0,47.36608135,3.5,301.0,12.5,2131.0,0,0,0,0,0,0,0,0,0,0,0,0,0,0,0,0,0,0,0,0,0,0,0,0,0,0,0,0
85,2199.0,4999.0,56.01120224,3.9,256.0,8.0,2800.0,0,0,0,0,0,0,0,0,0,0,0,0,0,0,0,0,0,0,0,0,0,0,0,0,0,0,0,0
86,1799.0,2199.0,18.1900864,4.3,39274.0,3.5,400.0,0,0,0,1,0,0,0,0,0,0,0,0,0,0,0,0,0,0,0,0,0,0,0,0,0,0,1,0
87,1999.0,7999.0,75.00937617,4.1,33012.0,8.0,6000.0,0,0,0,1,0,0,0,0,0,0,0,0,0,0,0,0,0,0,0,0,0,0,0,0,0,0,1,0
88,1799.0,6499.0,72.31881828,3.8,2138.0,3.5,4700.0,0,0,0,0,0,0,0,0,1,0,0,0,0,0,0,0,0,0,0,0,0,0,0,0,0,0,0,0
89,1799.0,3999.0,55.01375344,4.0,32704.0,8.0,2200.0,0,0,0,0,0,1,0,0,0,0,0,0,0,0,0,0,0,0,0,0,0,0,0,1,0,0,0,0
90,2999.0,6999.0,57.15102157,3.8,3563.0,8.0,4000.0,0,0,0,0,0,0,1,0,0,0,0,0,0,0,0,0,0,0,0,0,0,0,0,0,0,0,0,0
91,4499.0,7499.0,40.00533404,3.6,94.0,12.5,3000.0,0,0,0,0,0,0,1,0,0,0,0,0,0,0,0,0,0,0,0,0,0,0,0,0,0,0,0,0
92,3999.0,7994.5,54.200724635,3.6,725.0,12.5,4100.0,0,0,0,0,0,0,1,0,0,0,0,0,0,0,0,0,0,0,0,0,0,0,0,0,0,0,0,0
93,4299.0,7499.0,42.67235631,3.6,55.0,17.5,3200.0,0,0,0,0,0,0,1,0,0,0,0,0,0,0,0,0,0,0,0,0,0,0,0,0,0,0,0,0
94,3999.0,11999.0,66.67222269,3.9,3856.0,3.6,8000.0,0,0,0,0,0,0,0,0,0,0,0,0,0,0,0,0,0,0,0,0,0,0,0,0,0,0,0,0
95,3999.0,7999.0,50.00625078,3.9,3856.0,3.6,4000.0,0,0,0,0,0,0,0,0,0,0,0,0,0,0,0,0,0,0,0,0,0,0,0,0,0,0,0,0
96,2499.0,9999.0,75.00750075,4.1,2571.0,8.0,7500.0,0,0,0,1,0,0,0,0,0,0,0,0,0,0,0,0,0,0,0,0,0,0,0,0,0,0,0,0
97,1799.0,4999.0,64.01280256,3.6,516.0,17.5,3200.0,0,0,0,0,0,0,0,0,0,0,0,0,0,0,0,0,0,0,0,0,0,0,0,0,0,0,0,0
98,2099.0,7999.0,73.7592199,3.8,7386.0,8.0,5900.0,0,0,0,0,0,0,0,0,1,0,0,0,0,0,0,0,0,0,0,0,0,0,0,0,1,0,0,0
99,1999.0,3999.0,50.01250313,3.8,2452.0,8.0,2000.0,0,0,0,0,0,0,0,0,1,0,0,0,0,0,0,0,0,0,0,0,0,0,0,1,0,0,0,0
100,2449.0,8499.0,71.18484528,3.9,207.0,8.0,6050.0,0,0,0,0,0,0,0,0,1,0,0,0,0,0,0,0,0,0,0,0,0,0,0,0,0,0,0,0
101,1399.0,3999.0,65.01625406,4.0,311.0,17.5,2600.0,0,0,0,0,0,0,0,0,1,0,0,0,0,0,0,0,0,0,0,0,0,0,0,0,0,0,0,0
102,1799.0,6499.0,72.31881828,3.8,2138.0,3.5,4700.0,0,0,0,0,0,0,0,0,1,0,0,0,0,0,0,0,0,0,0,0,0,0,0,0,0,0,0,0
103,3499.0,11499.0,69.57126707,4.2,52.0,0.75,8000.0,0,0,0,0,0,0,0,0,1,0,0,0,0,0,0,0,0,0,0,0,0,0,0,0,0,0,0,0
104,3599.0,10999.0,67.27884353,3.9,1611.0,8.0,7400.0,0,0,0,0,0,0,0,0,1,0,0,0,0,0,0,0,0,0,0,0,0,0,0,0,0,0,0,0
105,1999.0,6999.0,71.43877697,3.8,2138.0,3.5,5000.0,0,0,0,0,0,0,0,0,1,0,0,0,0,0,0,0,0,0,0,0,0,0,0,0,0,0,0,0
106,2399.0,5999.0,60.01000167,3.8,3805.0,22.0,3600.0,0,0,0,0,0,0,0,0,1,0,0,0,0,0,0,0,0,0,0,0,0,0,0,1,0,0,0,0
107,3999.0,7994.5,54.200724635,3.5,100.0,8.0,4100.0,0,0,0,0,0,0,0,0,1,0,0,0,0,0,0,0,0,0,0,0,0,0,0,0,0,0,0,0
108,3599.0,10999.0,67.27884353,3.9,1611.0,8.0,7400.0,0,0,0,0,0,0,0,0,1,0,0,0,0,0,0,0,0,0,0,0,0,0,0,0,0,0,0,0
109,1299.0,7999.0,83.76047006,4.2,25784.0,8.0,6700.0,0,0,0,1,0,0,0,0,0,0,0,0,0,0,0,0,0,0,0,0,0,0,0,0,0,0,1,0
110,2499.0,11999.0,79.17326444,4.1,1990.0,8.0,9500.0,0,0,0,1,0,0,0,0,0,0,0,0,0,0,0,0,0,0,0,0,0,0,0,0,0,0,0,0
111,1799.0,9999.0,82.00820082,4.2,33415.0,8.0,8200.0,0,0,0,1,0,0,0,0,0,0,0,0,0,0,0,0,0,0,0,0,0,0,0,0,0,0,1,0
112,2499.0,9999.0,75.00750075,4.2,23302.0,3.5,7500.0,0,0,0,1,0,0,0,0,0,0,0,0,0,0,0,0,0,0,0,0,0,0,0,0,0,0,1,0
113,2499.0,9999.0,75.00750075,4.2,23302.0,3.5,7500.0,0,0,0,1,0,0,0,0,0,0,0,0,0,0,0,0,0,0,0,0,0,0,0,0,0,0,1,0
114,1794.0,7999.0,77.57219652,4.1,33012.0,8.0,6205.0,0,0,0,1,0,0,0,0,0,0,0,0,0,0,0,0,0,0,0,0,0,0,0,0,0,0,1,0
115,3499.0,11999.0,70.8392366,4.1,44170.0,3.5,8500.0,0,0,0,1,0,0,0,0,0,0,0,0,0,0,0,0,0,0,0,0,0,0,0,0,0,0,1,0
116,2499.0,18999.0,86.84667614,4.2,11.0,3.5,16500.0,0,0,0,1,0,0,0,0,0,0,0,0,0,0,0,0,0,0,0,0,0,0,0,0,0,0,0,0
117,2499.0,11999.0,79.17326444,4.1,1990.0,8.0,9500.0,0,0,0,1,0,0,0,0,0,0,0,0,0,0,0,0,0,0,0,0,0,0,0,0,0,0,0,0
118,1399.0,11999.0,88.34069506,4.1,1519.0,8.0,10600.0,0,0,0,1,0,0,0,0,0,0,0,0,0,0,0,0,0,0,0,0,0,0,0,0,0,0,1,0
119,1899.0,8999.0,78.8976553,4.0,15543.0,8.0,7100.0,0,0,0,1,0,0,0,0,0,0,0,0,0,0,0,0,0,0,0,0,0,0,0,0,0,0,1,0
120,1999.0,7999.0,75.00937617,4.1,33012.0,8.0,6000.0,0,0,0,1,0,0,0,0,0,0,0,0,0,0,0,0,0,0,0,0,0,0,0,0,0,0,1,0
121,1799.0,11999.0,85.00708392,4.3,39274.0,3.5,10200.0,0,0,0,1,0,0,0,0,0,0,0,0,0,0,0,0,0,0,0,0,0,0,0,0,0,0,0,0
122,29650.0,29900.0,0.836120401,4.5,154.0,22.0,250.0,1,0,0,0,0,0,0,0,0,0,0,0,1,0,0,0,0,1,0,0,0,0,0,0,0,0,1,0
123,37900.0,7994.5,54.200724635,4.4,65.0,22.0,4100.0,1,0,0,0,0,0,0,0,0,0,0,0,1,0,0,0,0,1,0,0,0,0,0,0,0,0,1,0
124,23349.0,23900.0,2.305439331,4.6,55800.0,22.0,551.0,1,0,0,0,0,0,0,0,0,0,0,0,1,0,0,0,0,0,0,0,0,0,0,0,0,0,1,0
125,33900.0,7994.5,54.200724635,4.6,3440.0,22.0,4100.0,1,0,0,0,0,0,0,0,0,0,0,0,1,0,0,0,0,0,1,0,0,0,0,0,0,0,1,0
126,89900.0,7994.5,54.200724635,4.7,51.0,3.5,4100.0,1,0,0,0,0,0,0,0,0,0,0,0,1,0,0,0,0,1,0,0,0,0,0,0,1,0,0,0
127,55900.0,7994.5,54.200724635,4.5,132.0,22.0,4100.0,1,0,0,0,0,0,0,0,0,0,0,0,1,0,0,0,0,1,0,0,0,0,0,0,0,0,1,0
128,44730.0,44900.0,0.378619154,4.6,2847.0,22.0,170.0,1,0,0,0,0,0,0,0,0,0,0,0,1,0,0,1,0,0,0,0,0,0,0,0,0,0,0,0
129,41900.0,7994.5,54.200724635,4.6,2847.0,22.0,4100.0,1,0,0,0,0,0,0,0,0,0,0,0,1,0,0,1,0,0,0,0,0,0,0,0,0,0,0,0
130,29900.0,7994.5,54.200724635,4.6,5502.0,22.0,4100.0,1,0,0,0,0,0,0,0,0,0,0,0,1,0,0,0,0,1,0,0,0,0,0,0,0,0,1,0
131,49666.0,50900.0,2.424361493,4.5,1519.0,22.0,1234.0,1,0,0,0,0,0,0,0,0,0,0,0,1,0,1,0,0,0,0,0,0,0,0,0,0,0,0,0
132,53900.0,7994.5,54.200724635,4.5,1519.0,22.0,4100.0,1,0,0,0,0,0,0,0,0,0,0,0,1,0,1,0,0,0,0,0,0,0,0,0,0,0,0,0
133,49900.0,7994.5,54.200724635,4.5,1349.0,22.0,4100.0,1,0,0,0,0,0,0,0,0,0,0,0,1,0,0,0,0,0,0,0,0,0,0,0,0,0,1,0
134,48900.0,7994.5,54.200724635,4.3,158.0,22.0,4100.0,1,0,0,0,0,0,0,0,0,0,0,0,1,0,0,0,0,1,0,0,0,0,0,0,0,0,1,0
135,29900.0,7994.5,54.200724635,4.6,5502.0,22.0,4100.0,1,0,0,0,0,0,0,0,0,0,0,0,1,0,0,0,0,0,0,0,1,0,0,0,0,0,1,0
136,29900.0,7994.5,54.200724635,4.6,5502.0,22.0,4100.0,1,0,0,0,0,0,0,0,0,0,0,0,1,0,0,0,0,1,0,0,0,0,0,0,0,0,1,0
137,32899.0,32900.0,0.003039514,4.6,5502.0,22.0,1.0,1,0,0,0,0,0,0,0,0,0,0,0,1,0,0,0,1,0,0,0,0,0,0,0,0,0,1,0
138,22900.0,23900.0,4.184100418,4.6,55800.0,22.0,1000.0,1,0,0,0,0,0,0,0,0,0,0,0,1,0,0,0,0,1,0,0,0,0,0,0,0,0,1,0
139,41900.0,7994.5,54.200724635,4.6,2847.0,22.0,4100.0,1,0,0,0,0,0,0,0,0,0,0,0,1,0,0,0,0,0,0,0,0,0,0,0,0,0,0,0
140,53900.0,7994.5,54.200724635,4.5,1519.0,22.0,4100.0,1,0,0,0,0,0,0,0,0,0,0,0,1,0,0,1,0,0,0,0,0,0,0,0,0,0,0,0
141,44900.0,7994.5,54.200724635,4.6,2847.0,22.0,4100.0,1,0,0,0,0,0,0,0,0,0,0,0,1,0,0,0,0,0,0,1,0,0,0,0,0,0,0,0
142,44900.0,7994.5,54.200724635,4.6,2847.0,22.0,4100.0,1,0,0,0,0,0,0,0,0,0,0,0,1,0,1,0,0,0,0,0,0,0,0,0,0,0,0,0
143,41900.0,7994.5,54.200724635,4.6,2847.0,22.0,4100.0,1,0,0,0,0,0,0,0,0,0,0,0,1,0,1,0,0,0,0,0,0,0,0,0,0,0,0,0
144,40900.0,7994.5,54.200724635,4.5,1720.0,22.0,4100.0,1,0,0,0,0,0,0,0,0,0,0,0,1,0,0,0,0,0,0,0,0,0,0,0,0,0,1,0
145,41900.0,7994.5,54.200724635,4.6,2847.0,22.0,4100.0,1,0,0,0,0,0,0,0,0,0,0,0,1,0,0,0,0,1,0,0,0,0,0,0,0,0,0,0
146,32900.0,7994.5,54.200724635,4.6,5502.0,22.0,4100.0,1,0,0,0,0,0,0,0,0,0,0,0,1,0,0,0,0,1,0,0,0,0,0,0,0,0,1,0
147,73900.0,7994.5,54.200724635,4.5,1519.0,22.0,4100.0,1,0,0,0,0,0,0,0,0,0,0,0,1,0,0,0,0,1,0,0,0,0,0,0,0,0,0,1
148,1999.0,5999.0,66.67777963,4.2,80483.0,22.0,4000.0,0,0,0,0,0,1,0,0,0,0,0,0,1,0,0,0,0,0,0,0,0,0,0,0,0,0,1,0
149,1299.0,3999.0,67.51687922,4.2,27445.0,22.0,2700.0,0,0,0,0,0,1,0,0,0,0,0,0,0,1,0,0,0,0,0,0,0,0,0,0,0,0,1,0
151,1499.0,4999.0,70.0140028,3.4,504.0,8.0,3500.0,0,0,0,0,0,1,0,0,0,0,0,0,1,0,0,1,0,0,0,0,0,0,0,0,0,0,1,0
152,1599.0,4999.0,68.01360272,4.3,4398.0,22.0,3400.0,0,0,0,0,0,1,0,0,0,0,0,0,1,0,0,1,0,0,0,0,0,0,0,0,0,0,1,0
154,3999.0,6999.0,42.86326618,4.4,12469.0,22.0,3000.0,0,0,0,0,0,1,0,0,0,0,0,0,0,0,0,0,0,0,0,0,0,0,0,0,0,0,1,0
155,2999.0,7999.0,62.50781348,4.3,11755.0,22.0,5000.0,0,0,0,0,0,1,0,0,0,0,0,0,0,1,0,0,0,0,0,0,0,0,0,0,0,0,1,0
156,2999.0,5999.0,50.00833472,4.3,13108.0,22.0,3000.0,0,0,0,0,0,1,0,0,0,0,0,0,1,0,0,0,0,0,0,0,0,0,0,0,0,0,1,0
157,2499.0,6999.0,64.29489927,4.3,3944.0,22.0,4500.0,0,0,0,0,0,1,0,0,0,0,0,0,0,1,0,0,1,0,0,0,0,0,0,0,0,0,1,0
158,1299.0,4999.0,74.01480296,4.1,142612.0,22.0,3700.0,0,0,0,0,0,1,0,0,0,0,0,0,0,1,0,0,0,0,0,0,0,0,0,0,1,0,0,0
159,2999.0,8999.0,66.6740749,4.1,22942.0,22.0,6000.0,0,0,0,0,0,1,0,0,0,0,0,0,0,0,0,0,0,0,0,0,0,0,0,0,0,0,1,0
160,3799.0,5999.0,36.6727788,4.2,6004.0,22.0,2200.0,0,0,0,0,0,1,0,0,0,0,0,0,1,0,0,0,0,0,0,0,0,0,0,0,0,0,1,0
161,1499.0,4999.0,70.0140028,4.1,148555.0,22.0,3500.0,0,0,0,0,0,1,0,0,0,0,0,0,1,0,0,0,0,0,0,0,0,0,0,0,1,0,0,0
162,1799.0,5999.0,70.01166861,4.2,32505.0,22.0,4200.0,0,0,0,0,0,1,0,0,0,0,0,0,1,0,0,0,0,0,0,0,0,0,0,0,1,0,0,0
163,1999.0,5999.0,66.67777963,4.1,69379.0,3.5,4000.0,0,0,0,0,0,1,0,0,0,0,0,0,1,0,0,0,0,0,0,0,0,0,0,0,1,0,0,0
164,1499.0,3999.0,62.51562891,4.0,6638.0,22.0,2500.0,0,0,0,0,0,1,0,0,0,0,0,0,0,0,0,0,0,0,0,0,0,0,0,0,0,0,1,0
165,1799.0,5999.0,70.01166861,4.1,3506.0,22.0,4200.0,0,0,0,0,0,1,0,0,0,0,0,0,0,1,0,0,0,0,0,0,0,0,0,0,0,0,1,0
166,1799.0,3999.0,55.01375344,4.2,5970.0,22.0,2200.0,0,0,0,0,0,1,0,0,0,0,0,0,1,0,0,0,1,0,0,0,0,0,0,0,0,0,1,0
167,1799.0,7990.0,77.48435544,4.1,125524.0,22.0,6191.0,0,1,0,0,0,0,0,0,0,0,0,0,1,0,1,0,0,0,0,0,0,0,0,0,0,0,1,0
168,1699.0,5990.0,71.6360601,4.0,98388.0,22.0,4291.0,0,1,0,0,0,0,0,0,0,0,0,0,1,0,0,0,0,0,0,0,0,0,0,0,0,0,1,0
169,2499.0,8990.0,72.20244716,4.2,2893.0,22.0,6491.0,0,1,0,0,0,0,0,0,0,0,0,0,1,0,0,0,0,0,0,0,0,0,0,0,0,0,1,0
170,3299.0,9799.0,66.33329932,4.1,13261.0,22.0,6500.0,0,1,0,0,0,0,0,0,0,0,0,0,1,0,0,0,0,0,0,1,0,0,0,0,0,0,1,0
171,1499.0,5990.0,74.97495826,4.1,45492.0,22.0,4491.0,0,1,0,0,0,0,0,0,0,0,0,0,1,0,0,0,0,0,0,1,0,0,0,0,0,0,1,0
172,2499.0,5990.0,58.28046745,4.2,39734.0,22.0,3491.0,0,1,0,0,0,0,0,0,0,0,0,0,1,0,0,0,1,0,0,0,0,0,0,0,0,0,1,0
173,1299.0,6990.0,81.41630901,3.9,17456.0,22.0,5691.0,0,1,0,0,0,0,0,0,0,0,0,0,1,0,0,0,0,1,0,0,0,0,0,0,0,0,1,0
175,1999.0,8999.0,77.78642071,3.9,6469.0,22.0,7000.0,0,1,0,0,0,0,0,0,0,0,0,0,1,0,0,0,0,0,0,0,0,0,0,0,0,0,1,0
176,2499.0,7990.0,68.72340426,4.0,8179.0,22.0,5491.0,0,1,0,0,0,0,0,0,0,0,0,0,1,0,0,1,0,0,0,0,0,0,0,0,0,0,1,0
177,3999.0,6990.0,42.78969957,4.2,628.0,22.0,2991.0,0,1,0,0,0,0,0,0,0,0,0,0,1,0,0,0,0,0,0,1,0,0,0,0,0,0,1,0
178,2799.0,5990.0,53.2721202,3.9,2406.0,22.0,3191.0,0,1,0,0,0,0,0,0,0,0,0,0,0,1,0,1,0,0,0,0,0,0,0,0,0,0,1,0
179,1999.0,6990.0,71.40200286,3.9,12026.0,22.0,4991.0,0,1,0,0,0,0,0,0,0,0,0,0,1,0,1,0,0,0,0,0,0,0,0,0,0,0,1,0
181,2299.0,6990.0,67.11015737,3.9,16676.0,22.0,4691.0,0,1,0,0,0,0,0,0,0,0,0,0,0,1,0,0,0,0,0,0,0,0,0,0,0,0,1,0
182,2999.0,7990.0,62.46558198,3.8,11340.0,22.0,4991.0,0,1,0,0,0,0,0,0,0,0,0,0,0,1,0,0,0,0,0,0,0,0,0,0,0,0,1,0
183,8999.0,14999.0,40.00266684,4.4,14613.0,8.0,6000.0,0,0,0,0,0,0,0,0,0,0,0,0,0,0,0,0,0,0,0,0,0,1,0,0,0,0,0,0
184,12999.0,18999.0,31.58060951,4.2,84.0,8.0,6000.0,0,0,0,0,0,0,0,0,0,0,0,0,0,0,1,0,0,0,0,0,0,0,1,0,0,0,0,0
185,13999.0,15999.0,12.5007813,4.4,14613.0,8.0,2000.0,0,0,0,0,0,0,0,0,0,0,0,0,0,0,0,0,0,1,0,0,0,0,1,0,0,0,0,0
186,17999.0,20999.0,14.28639459,4.4,1111.0,17.5,3000.0,0,0,0,0,0,0,0,0,0,0,0,0,0,0,1,0,0,0,0,0,0,0,0,0,1,0,0,0
187,4999.0,10999.0,54.55041367,4.3,2241.0,22.0,6000.0,0,0,0,0,0,0,0,0,0,0,0,0,1,0,0,0,0,0,1,0,0,0,0,0,0,0,1,0
188,9047.0,17999.0,49.73609645,4.3,1779.0,22.0,8952.0,0,0,0,0,0,0,0,0,0,0,0,0,0,0,0,0,0,1,0,0,0,0,1,0,0,0,0,0
189,7999.0,17333.0,53.8510356,4.3,1779.0,22.0,9334.0,0,0,0,0,0,0,0,0,0,0,0,0,0,0,0,0,0,0,0,0,0,0,0,0,0,0,1,0
190,10999.0,13999.0,21.43010215,4.4,14613.0,22.0,3000.0,0,0,0,0,0,0,0,0,0,0,0,0,0,0,0,0,0,0,0,0,0,1,0,0,0,0,0,0
191,12990.0,29999.0,56.69855662,4.4,35511.0,3.5,17009.0,0,0,0,0,0,0,0,1,0,0,0,0,0,0,0,0,0,0,0,0,0,0,0,0,0,1,0,0
192,27999.0,29999.0,6.666888896,4.3,435.0,3.5,2000.0,0,0,0,0,0,0,0,1,0,0,0,0,0,0,0,0,0,1,0,0,0,0,0,0,0,1,0,0
193,35999.0,39999.0,10.00025001,4.3,435.0,3.5,4000.0,0,0,0,0,0,0,0,1,0,0,0,0,0,0,0,0,0,1,0,0,0,0,0,0,0,1,0,0
194,22749.0,37999.0,40.13263507,4.2,567.0,3.5,15250.0,0,0,0,0,0,0,0,1,0,0,0,0,0,0,0,0,0,0,0,0,0,1,0,0,0,0,0,0
195,32999.0,35999.0,8.333564821,4.3,435.0,3.5,3000.0,0,0,0,0,0,0,0,1,0,0,0,0,0,0,0,0,0,1,0,0,0,0,0,0,0,1,0,0
196,44999.0,48999.0,8.163431907,4.4,88.0,3.5,4000.0,0,0,0,0,0,0,0,1,0,0,0,0,0,0,0,0,0,0,0,0,0,0,0,0,0,1,0,0
197,34997.0,42999.0,18.60973511,4.2,567.0,3.5,8002.0,0,0,0,0,0,0,0,1,0,0,0,0,0,0,0,0,0,0,0,0,1,1,0,0,0,0,0,0
198,49999.0,54999.0,9.091074383,4.4,88.0,3.5,5000.0,0,0,0,0,0,0,0,1,0,0,0,0,0,0,0,0,1,0,0,0,0,0,0,0,0,1,0,0
199,24999.0,26999.0,7.407681766,4.1,91.0,3.5,2000.0,0,0,0,0,0,0,0,1,0,0,0,0,0,0,0,0,0,0,0,0,0,1,0,0,0,0,0,0
200,31999.0,34999.0,8.571673476,3.8,40.0,3.5,3000.0,0,0,0,0,0,0,0,1,0,0,0,0,0,0,0,0,0,0,0,0,0,1,0,0,0,0,0,0
201,16999.0,34999.0,51.43004086,4.2,567.0,3.5,18000.0,0,0,0,0,0,0,0,1,0,0,0,0,0,0,0,0,0,0,0,0,0,1,0,0,0,0,0,0
202,39490.0,7994.5,54.200724635,4.3,1489.0,3.5,4100.0,0,0,0,0,0,0,0,1,0,0,0,0,0,0,0,0,0,0,0,0,0,0,1,0,0,0,0,0
203,17490.0,34999.0,50.02714363,4.2,567.0,3.5,17509.0,0,0,0,0,0,0,0,1,0,0,0,0,0,0,0,0,0,0,0,0,1,1,0,0,0,0,0,0
204,31999.0,39999.0,20.00050001,4.2,567.0,3.5,8000.0,0,0,0,0,0,0,0,1,0,0,0,0,0,0,0,0,0,0,0,0,0,1,0,0,0,0,0,0
205,28999.0,31999.0,9.375292978,3.8,12.0,3.5,3000.0,0,0,0,0,0,0,0,1,0,0,0,0,0,0,0,0,0,0,1,0,0,1,0,0,0,0,0,0
206,11999.0,30990.0,61.28105841,4.3,1489.0,3.5,18991.0,0,0,0,0,0,0,0,1,0,0,0,0,0,0,0,0,0,0,0,0,0,0,1,0,0,0,0,0
207,16999.0,28490.0,40.33345033,4.1,1980.0,3.5,11491.0,0,0,0,0,0,0,0,1,0,0,0,0,0,0,0,0,1,0,0,0,0,0,0,0,0,0,1,0
208,16999.0,31990.0,46.86151922,4.4,23940.0,3.5,14991.0,0,0,0,0,0,0,0,1,0,0,0,0,0,0,0,0,0,0,0,0,0,0,1,0,0,0,0,0
209,16999.0,25990.0,34.59407464,4.4,23940.0,3.5,8991.0,0,0,0,0,0,0,0,1,0,0,0,0,0,0,0,0,0,1,0,0,0,0,0,0,0,0,1,0
210,27490.0,29989.0,8.333055454,4.2,201.0,3.5,2499.0,0,0,0,0,0,0,0,1,0,0,0,0,0,0,0,0,0,0,0,0,0,0,0,0,0,0,1,0
211,19990.0,7994.5,54.200724635,4.3,68.0,3.5,4100.0,0,0,0,0,0,0,0,1,0,0,0,0,0,0,1,0,0,0,0,0,0,0,0,0,0,1,0,0
212,24490.0,28490.0,14.04001404,3.7,153.0,3.5,4000.0,0,0,0,0,0,0,0,1,0,0,0,0,0,0,0,0,0,1,0,0,0,0,0,0,0,0,1,0
213,30990.0,34490.0,10.14786895,4.1,1980.0,17.5,3500.0,0,0,0,0,0,0,0,1,0,0,0,0,0,0,0,0,0,1,0,0,0,0,0,0,0,0,1,0
214,29990.0,30990.0,3.22684737,4.3,1489.0,3.5,1000.0,0,0,0,0,0,0,0,1,0,0,0,0,0,0,0,0,0,0,1,0,0,0,1,0,0,0,0,0
215,16990.0,33999.0,50.027942,4.5,12211.0,3.5,17009.0,0,0,0,0,0,0,0,1,0,0,0,0,0,0,0,0,0,0,0,0,0,0,0,0,0,1,0,0
216,11699.0,14999.0,22.00146676,4.3,3999.0,3.5,3300.0,0,0,0,0,0,0,0,0,0,0,0,0,0,1,0,0,0,0,0,0,0,0,0,0,0,0,1,0
218,14999.0,7994.5,54.200724635,4.7,5.0,3.5,4100.0,0,0,0,0,0,0,0,0,0,0,0,0,1,0,1,0,0,0,0,0,0,0,0,0,0,0,1,0
219,14999.0,7994.5,54.200724635,4.7,6.0,3.5,4100.0,0,0,0,0,0,0,0,0,0,0,0,0,1,0,0,0,0,0,0,0,0,0,0,0,0,0,1,0
220,20499.0,7994.5,54.200724635,4.7,114.0,3.5,4100.0,0,0,0,0,0,0,0,0,0,0,1,0,0,0,0,0,0,0,1,0,0,0,0,0,0,0,1,0
223,17699.0,18999.0,6.842465393,4.3,455.0,17.5,1300.0,0,0,0,0,0,0,0,0,0,0,1,0,0,0,0,0,0,0,0,0,0,0,0,0,0,1,0,0
224,20499.0,7994.5,54.200724635,4.7,114.0,17.5,4100.0,0,0,0,0,0,0,0,0,0,0,0,0,0,1,0,0,0,1,0,0,0,0,0,0,0,0,1,0
225,20999.0,22999.0,8.696030262,4.2,547.0,17.5,2000.0,0,0,0,0,0,0,0,0,0,0,1,0,0,0,0,0,0,0,0,0,0,0,0,0,0,1,0,0
226,8999.0,23499.0,61.70475339,4.1,4475.0,3.5,14500.0,0,0,0,0,0,0,0,0,0,0,0,0,0,1,0,0,0,1,0,0,0,0,0,0,1,0,0,0
227,26499.0,7994.5,54.200724635,4.1,367.0,17.5,4100.0,0,0,0,0,0,0,0,0,0,0,0,0,0,1,0,0,1,0,0,0,0,0,0,0,0,1,0,0
228,19999.0,7994.5,54.200724635,4.2,1583.0,3.5,4100.0,0,0,0,0,0,0,0,0,0,1,0,0,0,0,0,0,0,0,0,0,0,0,0,0,0,1,0,0
229,24990.0,7994.5,54.200724635,3.9,188.0,22.0,4100.0,0,0,0,0,0,0,0,0,0,0,0,0,0,1,1,0,0,0,0,0,0,0,0,0,0,1,0,0
230,16999.0,7994.5,54.200724635,4.2,426.0,3.5,4100.0,0,0,0,0,0,0,0,0,0,0,0,0,0,1,0,0,0,1,0,0,0,0,0,0,0,0,1,0
232,20590.0,21499.0,4.228103633,4.1,4475.0,3.5,909.0,0,0,0,0,0,0,0,0,0,0,0,0,0,1,0,0,0,0,0,0,0,0,0,0,0,0,1,0
234,15499.0,23999.0,35.41814242,4.5,92.0,17.5,8500.0,0,0,0,0,0,0,0,0,0,0,0,0,0,1,0,0,0,1,0,0,0,0,0,0,1,0,0,0
237,3999.0,5999.0,33.33888981,4.2,3130.0,22.0,2000.0,0,0,0,0,0,0,0,0,0,0,0,0,0,1,0,0,0,0,1,0,0,0,0,0,0,0,1,0
238,7499.0,16999.0,55.88564033,4.3,11520.0,8.0,9500.0,0,0,0,0,0,0,0,0,0,0,0,0,0,0,0,0,1,0,0,0,0,0,0,0,0,0,1,0
239,4499.0,5999.0,25.00416736,4.1,333.0,8.0,1500.0,0,0,0,0,0,0,0,0,0,0,0,0,0,1,0,0,0,1,0,0,0,0,0,0,0,0,1,0
240,9999.0,17999.0,44.44691372,4.5,5265.0,12.5,8000.0,0,0,0,0,0,0,0,0,0,0,0,0,0,0,0,0,0,0,0,0,0,0,0,0,0,0,1,0
241,16999.0,23999.0,29.167882,4.3,575.0,8.0,7000.0,0,0,0,0,0,0,0,0,0,0,0,0,0,0,0,0,0,0,0,0,0,0,0,0,0,0,1,0
242,4999.0,6999.0,28.57551079,4.1,4694.0,22.0,2000.0,0,0,0,0,0,0,0,0,0,0,0,0,1,0,0,0,0,0,1,0,0,0,0,0,0,0,1,0
243,13999.0,18999.0,26.31717459,4.1,306.0,8.0,5000.0,0,0,0,0,0,0,0,0,0,0,0,0,0,1,0,0,0,1,0,0,0,0,0,0,0,0,1,0
244,13999.0,18999.0,26.31717459,4.1,918.0,17.5,5000.0,0,0,0,0,0,0,0,0,0,0,0,0,0,0,0,0,1,0,0,0,0,0,0,0,0,0,1,0
245,18999.0,25999.0,26.92411247,4.2,115.0,8.0,7000.0,0,0,0,0,0,0,0,0,0,0,0,0,0,0,0,0,0,1,0,0,0,0,0,0,0,0,1,0
246,6999.0,9999.0,30.0030003,3.7,81.0,8.0,3000.0,0,0,0,0,0,0,0,0,0,0,0,0,1,0,0,0,0,0,0,0,0,0,0,0,0,0,1,0
247,8999.0,13999.0,35.71683692,4.3,578.0,17.5,5000.0,0,0,0,0,0,0,0,0,0,0,0,0,0,0,0,0,0,0,0,0,0,0,0,0,0,0,1,0
249,2999.0,5999.0,50.00833472,3.8,15.0,22.0,3000.0,0,0,0,0,0,0,0,0,0,0,0,0,0,1,0,0,0,0,0,0,0,0,0,0,0,0,1,0
250,7200.0,14999.0,51.99679979,4.0,6.0,3.5,7799.0,0,0,0,0,0,0,0,0,0,0,0,0,0,1,0,0,0,0,0,0,0,0,0,0,0,0,1,0
251,139990.0,7994.5,54.200724635,4.7,6022.0,17.5,4100.0,0,0,0,0,1,0,0,0,0,0,0,0,0,0,0,0,0,0,0,0,1,0,0,0,0,0,0,1
252,16990.0,20990.0,19.05669366,4.4,90.0,17.5,4000.0,0,0,0,0,1,0,0,0,0,0,0,0,0,1,0,0,1,0,0,0,0,0,0,0,0,0,1,0
253,39490.0,7994.5,54.200724635,5.0,6.0,8.0,4100.0,0,0,0,0,1,0,0,0,0,0,0,0,0,0,0,0,1,0,0,0,0,0,0,0,0,0,1,0
255,24990.0,36490.0,31.51548369,4.4,43.0,22.0,11500.0,0,0,0,0,1,0,0,0,0,0,0,0,0,0,0,0,0,0,0,1,0,0,0,0,0,0,1,0
256,34990.0,51990.0,32.69859588,4.3,6.0,22.0,17000.0,0,0,0,0,1,0,0,0,0,0,0,0,0,0,0,0,0,0,0,1,0,0,0,0,0,0,1,0
257,39490.0,41990.0,5.953798523,4.8,6.0,17.5,2500.0,0,0,0,0,1,0,0,0,0,0,0,0,0,0,1,0,0,0,0,0,0,0,0,0,0,0,1,0
260,20990.0,7994.5,54.200724635,4.2,61.0,22.0,4100.0,0,0,0,0,1,0,0,0,0,0,0,0,0,0,1,0,0,0,0,0,0,0,0,0,0,0,1,0
261,98990.0,7994.5,54.200724635,4.7,6022.0,17.5,4100.0,0,0,0,0,1,0,0,0,0,0,0,0,0,0,0,0,0,0,0,0,0,0,0,0,0,0,1,0
263,44990.0,50490.0,10.89324619,4.0,6.0,17.5,5500.0,0,0,0,0,1,0,0,0,0,0,0,0,0,0,1,0,0,0,0,0,0,0,0,0,0,0,1,0
264,22990.0,31490.0,26.99269609,4.1,20.0,8.0,8500.0,0,0,0,0,1,0,0,0,0,0,0,0,0,0,0,0,0,0,0,0,0,0,0,0,0,0,1,0
265,33490.0,36990.0,9.462016761,4.6,5.0,17.5,3500.0,0,0,0,0,1,0,0,0,0,0,0,0,0,0,0,0,0,0,0,0,0,0,0,0,0,0,1,0
266,39490.0,44990.0,12.22493888,4.7,109.0,22.0,5500.0,0,0,0,0,1,0,0,0,0,0,0,0,0,0,0,0,0,1,0,0,0,0,0,0,0,0,1,0
267,27990.0,7994.5,54.200724635,5.0,3.0,17.5,4100.0,0,0,0,0,1,0,0,0,0,0,0,0,0,1,0,0,1,0,0,0,0,0,0,0,0,1,0,0
268,20490.0,7994.5,54.200724635,5.0,3.0,3.5,4100.0,0,0,0,0,1,0,0,0,0,0,0,0,0,0,0,0,0,1,0,0,0,0,0,0,0,0,1,0
269,89490.0,89990.0,0.555617291,4.7,6022.0,17.5,500.0,0,0,0,0,1,0,0,0,0,0,0,0,0,0,0,0,1,0,0,0,0,0,0,0,0,0,1,0
270,46990.0,7994.5,54.200724635,4.5,8.0,3.5,4100.0,0,0,0,0,1,0,0,0,0,0,0,0,0,0,0,0,0,1,0,0,0,0,0,0,0,0,1,0
271,44990.0,46990.0,4.256224729,4.0,6.0,17.5,2000.0,0,0,0,0,1,0,0,0,0,0,0,0,0,0,0,0,0,0,0,0,0,0,0,0,0,0,1,0
272,46990.0,62490.0,24.80396863,4.1,10.0,8.0,15500.0,0,0,0,0,1,0,0,0,0,0,0,0,0,0,0,0,0,0,0,0,0,0,0,0,0,0,1,0
273,33490.0,39490.0,15.19371993,4.7,109.0,17.5,6000.0,0,0,0,0,1,0,0,0,0,0,0,0,0,0,0,0,0,0,0,1,0,0,0,0,0,0,1,0
274,20990.0,25990.0,19.23816853,3.4,7.0,17.5,5000.0,0,0,0,0,1,0,0,0,0,0,0,0,0,1,1,0,0,0,0,0,0,0,0,0,0,0,1,0
277,76990.0,96390.0,20.12656915,4.7,7.0,17.5,19400.0,0,0,0,0,1,0,0,0,0,0,0,0,0,0,0,0,0,0,0,0,1,0,0,0,0,0,1,0
278,67490.0,67990.0,0.735402265,4.7,6022.0,12.5,500.0,0,0,0,0,1,0,0,0,0,0,0,0,0,0,0,0,1,0,0,0,0,0,0,0,0,0,1,0
279,39490.0,44990.0,12.22493888,4.7,109.0,17.5,5500.0,0,0,0,0,1,0,0,0,0,0,0,0,0,0,0,0,1,0,0,0,0,0,0,0,0,0,1,0
280,50490.0,55990.0,9.823182711,4.7,109.0,17.5,5500.0,0,0,0,0,1,0,0,0,0,0,0,0,0,0,0,0,0,1,0,0,0,0,0,0,0,0,1,0
281,27990.0,39990.0,30.00750188,3.7,10.0,3.5,12000.0,0,0,0,0,1,0,0,0,0,0,0,0,0,0,1,0,0,0,0,0,0,0,0,0,0,0,1,0
282,18990.0,29990.0,36.67889296,4.3,189.0,8.0,11000.0,0,0,0,0,0,0,0,0,0,0,0,0,0,0,0,0,0,0,0,0,0,1,0,0,0,0,0,0
283,14990.0,20990.0,28.5850405,4.5,3228.0,8.0,6000.0,0,0,0,0,0,0,0,0,0,0,0,0,0,0,0,0,0,0,0,0,0,1,0,0,0,0,0,0
284,15990.0,20990.0,23.82086708,4.4,399.0,8.0,5000.0,0,0,0,0,0,0,0,0,0,0,0,0,0,0,0,0,0,1,0,0,0,0,0,0,0,0,1,0
286,29999.0,7994.5,54.200724635,3.8,5.0,17.5,4100.0,0,0,0,0,0,0,0,0,0,0,0,0,0,0,0,0,0,0,0,0,0,0,0,0,0,0,1,0
287,25999.0,7994.5,54.200724635,3.9,21.0,17.5,4100.0,0,0,0,0,0,0,0,0,0,0,0,0,0,0,0,0,0,0,0,0,0,0,1,0,0,0,0,0
288,6999.0,9999.0,30.0030003,3.3,20.0,17.5,3000.0,0,0,0,0,0,0,0,0,0,0,0,0,0,0,0,0,0,1,0,0,0,0,0,0,0,0,1,0
289,10990.0,20990.0,47.64173416,4.5,203.0,8.0,10000.0,0,0,0,0,0,0,0,0,0,0,0,0,0,0,0,0,0,0,0,0,0,0,0,0,0,0,1,0
290,10990.0,21990.0,50.02273761,4.5,93.0,8.0,11000.0,0,0,0,0,0,0,0,0,0,0,0,0,0,0,0,0,0,1,0,0,0,0,1,0,0,0,0,0
291,8990.0,19990.0,55.02751376,4.3,1269.0,8.0,11000.0,0,0,0,0,0,0,0,0,0,0,0,0,0,0,0,0,0,0,0,1,0,0,0,0,1,0,0,0
292,11990.0,19990.0,40.02001001,4.3,1269.0,8.0,8000.0,0,0,0,0,0,0,0,0,0,0,0,0,0,0,0,1,0,0,0,0,0,0,0,0,1,0,0,0
293,6990.0,14990.0,53.36891261,4.3,119.0,22.0,8000.0,0,0,0,0,0,0,0,0,0,0,0,0,1,0,0,0,0,0,1,0,0,0,0,0,0,0,1,0
294,23995.0,7994.5,54.200724635,4.2,343.0,17.5,4100.0,0,0,0,0,0,0,0,0,0,0,0,0,0,0,0,0,0,1,0,0,0,0,0,0,0,0,1,0
295,18495.0,7994.5,54.200724635,3.8,172.0,22.0,4100.0,0,0,0,0,0,0,0,0,0,0,0,0,0,0,0,0,0,0,0,0,0,0,0,0,0,0,0,1
296,15289.0,22995.0,33.51163296,4.0,470.0,17.5,7706.0,0,0,0,0,0,0,0,0,0,0,0,0,0,0,0,0,0,0,0,0,1,0,0,0,0,0,0,1
297,17995.0,7994.5,54.200724635,3.9,46.0,17.5,4100.0,0,0,0,0,0,0,0,0,0,0,0,0,0,0,0,0,0,1,0,0,0,0,0,0,0,0,1,0
298,19999.0,21995.0,9.074789725,3.8,53.0,22.0,1996.0,0,0,0,0,0,0,0,0,0,0,0,0,0,0,0,0,0,0,0,0,1,0,0,0,0,0,0,1
299,9995.0,14995.0,33.34444815,3.9,57.0,22.0,5000.0,0,0,0,0,0,0,0,0,0,0,0,0,0,0,0,0,0,0,0,0,0,0,0,0,0,0,1,0
300,14995.0,22995.0,34.79017178,4.0,4483.0,17.5,8000.0,0,0,0,0,0,0,0,0,0,0,0,0,0,0,0,0,1,0,0,0,0,0,0,0,0,0,0,1
301,13195.0,21995.0,40.00909298,3.9,510.0,22.0,8800.0,0,0,0,0,0,0,0,0,0,0,0,0,0,0,0,0,0,1,0,0,0,0,0,0,0,0,0,1
302,9995.0,17995.0,44.45679355,4.0,1532.0,3.5,8000.0,0,0,0,0,0,0,0,0,0,0,0,0,0,0,1,0,0,0,0,0,0,0,0,0,0,0,1,0
303,9198.0,22995.0,60.0,4.3,283.0,17.5,13797.0,0,0,0,0,0,0,0,0,0,0,0,0,0,0,0,0,0,1,0,0,0,0,1,0,0,0,0,0
305,17995.0,7994.5,54.200724635,4.0,599.0,22.0,4100.0,0,0,0,0,0,0,0,0,0,0,0,0,0,0,1,0,0,0,0,0,0,0,0,0,0,0,1,0
306,18995.0,7994.5,54.200724635,4.0,102.0,22.0,4100.0,0,0,0,0,0,0,0,0,0,0,0,0,0,0,0,0,0,0,0,0,0,0,0,0,0,0,1,0
307,19995.0,7994.5,54.200724635,3.1,28.0,22.0,4100.0,0,0,0,0,0,0,0,0,0,0,0,0,0,0,0,0,0,1,0,0,0,0,1,0,0,0,0,0
308,19995.0,7994.5,54.200724635,4.4,69.0,22.0,4100.0,0,0,0,0,0,0,0,0,0,0,0,0,0,0,0,0,0,0,0,0,0,0,1,0,0,0,0,0
309,11995.0,7994.5,54.200724635,4.3,4.0,17.5,4100.0,0,0,0,0,0,0,0,0,0,0,0,0,0,0,0,0,0,0,0,0,0,0,1,0,0,0,0,0
310,14995.0,7994.5,54.200724635,3.9,41.0,3.5,4100.0,0,0,0,0,0,0,0,0,0,0,0,0,0,0,0,0,0,0,0,0,0,0,1,0,0,0,0,0
311,16495.0,7994.5,54.200724635,4.1,123.0,3.5,4100.0,0,0,0,0,0,0,0,0,0,0,0,0,0,0,0,0,1,0,0,0,0,0,0,0,0,0,0,1
313,9995.0,16495.0,39.40588057,3.8,144.0,3.5,6500.0,0,0,0,0,0,0,0,0,0,0,0,0,0,0,0,0,0,0,0,0,0,0,0,0,0,0,0,1
314,13995.0,7994.5,54.200724635,3.8,4.0,22.0,4100.0,0,0,0,0,0,0,0,0,0,0,0,0,0,0,1,0,0,0,0,0,0,0,0,0,0,0,0,1
315,13495.0,7994.5,54.200724635,4.4,11.0,17.5,4100.0,0,0,0,0,0,0,0,0,0,0,0,0,0,0,0,0,0,0,0,0,1,0,0,0,0,0,0,1
316,13495.0,7994.5,54.200724635,4.7,3.0,17.5,4100.0,0,0,0,0,0,0,0,0,0,0,0,0,0,0,1,0,0,0,0,0,0,0,0,0,0,0,0,1
317,10998.0,21995.0,49.99772676,3.9,5182.0,22.0,10997.0,0,0,0,0,0,0,0,0,0,0,0,0,0,0,0,0,0,0,0,0,0,0,0,0,0,0,1,0
318,1299.0,5499.0,76.37752319,4.0,1598.0,8.0,4200.0,0,0,1,0,0,0,0,0,0,0,0,0,1,0,0,0,1,0,0,0,0,0,0,0,0,0,1,0
319,1799.0,4999.0,64.01280256,4.2,34953.0,8.0,3200.0,0,0,1,0,0,0,0,0,0,0,0,0,1,0,0,0,0,0,0,0,0,0,0,0,0,0,1,0
320,3299.0,5999.0,45.00750125,4.0,28926.0,22.0,2700.0,0,0,1,0,0,0,0,0,0,0,0,0,0,0,0,0,0,0,0,0,0,0,0,0,0,0,1,0
321,1999.0,5999.0,66.67777963,4.1,561.0,22.0,4000.0,0,0,1,0,0,0,0,0,0,0,0,0,1,0,0,0,0,0,0,0,0,0,0,0,0,0,1,0
322,1699.0,3999.0,57.51437859,4.2,110067.0,12.5,2300.0,0,0,1,0,0,0,0,0,0,0,0,0,1,0,0,0,0,0,1,0,0,0,0,0,0,0,1,0
323,1199.0,3499.0,65.73306659,4.2,62964.0,22.0,2300.0,0,0,1,0,0,0,0,0,0,0,0,0,0,1,1,0,0,0,0,0,0,0,0,0,0,0,1,0
324,4499.0,6999.0,35.71938848,4.2,6385.0,22.0,2500.0,0,0,1,0,0,0,0,0,0,0,0,0,0,0,0,0,1,0,0,0,0,0,0,0,0,0,1,0
325,3499.0,5999.0,41.67361227,4.2,1785.0,22.0,2500.0,0,0,1,0,0,0,0,0,0,0,0,0,1,0,0,0,1,0,0,0,0,0,0,0,0,0,1,0
326,1999.0,3999.0,50.01250313,3.9,3492.0,22.0,2000.0,0,0,1,0,0,0,0,0,0,0,0,0,1,0,0,0,0,0,1,0,0,0,0,0,0,0,1,0
327,1999.0,4999.0,60.0120024,4.1,717.0,8.0,3000.0,0,0,1,0,0,0,0,0,0,0,0,0,1,0,1,0,0,0,0,0,0,0,0,0,0,0,1,0
328,2799.0,3999.0,30.00750188,4.1,7586.0,8.0,1200.0,0,0,1,0,0,0,0,0,0,0,0,0,0,1,0,0,0,0,0,0,0,0,0,0,0,0,1,0
329,3299.0,6999.0,52.86469496,3.9,345.0,22.0,3700.0,0,0,1,0,0,0,0,0,0,0,0,0,0,1,1,0,0,0,0,0,0,0,0,0,0,0,1,0
330,3999.0,6999.0,42.86326618,4.1,663.0,22.0,3000.0,0,0,1,0,0,0,0,0,0,0,0,0,0,0,1,0,0,0,0,0,0,0,0,0,0,0,1,0
331,2699.0,5999.0,55.00916819,3.3,222.0,22.0,3300.0,0,0,1,0,0,0,0,0,0,0,0,0,0,1,0,0,1,0,0,0,0,0,0,0,0,0,1,0
332,5999.0,6999.0,14.28775539,4.2,13.0,22.0,1000.0,0,0,1,0,0,0,0,0,0,0,0,0,0,0,0,0,0,0,0,0,0,0,0,0,0,0,1,0
333,5999.0,6999.0,14.28775539,4.2,13.0,22.0,1000.0,0,0,1,0,0,0,0,0,0,0,0,0,0,0,0,0,1,0,0,0,0,0,0,0,0,0,1,0
334,3999.0,5999.0,33.33888981,4.2,42860.0,22.0,2000.0,0,0,1,0,0,0,0,0,0,0,0,0,1,0,0,0,1,0,0,0,0,0,0,0,0,0,1,0
335,3999.0,5999.0,33.33888981,4.2,42860.0,22.0,2000.0,0,0,1,0,0,0,0,0,0,0,0,0,1,0,0,0,0,0,0,0,0,0,0,0,0,0,1,0
336,2499.0,3999.0,37.50937734,3.6,70.0,22.0,1500.0,0,0,1,0,0,0,0,0,0,0,0,0,0,1,0,0,0,0,0,0,0,0,0,0,1,0,0,0
338,1799.0,5999.0,70.01166861,4.2,4813.0,3.5,4200.0,0,0,0,0,0,0,0,0,0,0,0,0,0,1,0,0,1,0,0,0,0,0,0,0,0,0,1,0
339,1299.0,5499.0,76.37752319,3.8,3137.0,3.5,4200.0,0,0,0,0,0,0,0,0,0,0,0,0,0,1,0,0,0,0,0,0,0,0,0,0,0,0,1,0
340,2799.0,8999.0,68.89654406,4.0,1994.0,3.5,6200.0,0,0,0,0,0,0,0,0,0,0,0,0,0,0,0,0,0,0,0,0,0,0,0,0,0,0,1,0
341,1999.0,5999.0,66.67777963,4.0,1178.0,8.0,4000.0,0,0,0,0,0,0,0,0,0,0,0,0,0,1,0,0,1,0,0,0,0,0,0,0,0,0,1,0
342,3499.0,8999.0,61.11790199,3.7,475.0,3.5,5500.0,0,0,0,0,0,0,0,0,0,0,0,0,0,0,0,0,0,0,0,0,0,0,1,0,0,0,0,0
343,1999.0,6999.0,71.43877697,3.8,927.0,22.0,5000.0,0,0,0,0,0,0,0,0,0,0,0,0,0,1,1,0,0,0,0,0,0,0,0,0,0,0,1,0
344,2399.0,5499.0,56.37388616,5.0,3.0,3.5,3100.0,0,0,0,0,0,0,0,0,0,0,0,0,0,1,0,0,0,1,0,0,0,0,0,0,0,0,1,0
345,2799.0,6999.0,60.00857265,4.3,7.0,3.5,4200.0,0,0,0,0,0,0,0,0,0,0,0,0,0,0,0,0,0,1,0,0,0,0,0,0,0,0,1,0
346,2199.0,5999.0,63.34389065,3.5,10.0,3.5,3800.0,0,0,0,0,0,0,0,0,0,0,0,0,0,1,0,0,0,0,0,0,0,0,0,0,0,0,1,0
347,1999.0,5999.0,66.67777963,3.5,30.0,3.5,4000.0,0,0,0,0,0,0,0,0,0,0,0,0,1,0,0,0,0,0,0,0,0,0,0,0,0,0,1,0
348,1799.0,2999.0,40.01333778,3.8,645.0,22.0,1200.0,0,0,0,0,0,0,0,0,0,0,0,0,0,1,0,0,0,0,0,0,0,0,0,0,0,0,1,0
352,1299.0,4999.0,74.01480296,4.2,60292.0,22.0,3700.0,0,0,0,0,0,0,0,0,0,0,0,0,0,1,0,0,1,0,0,0,0,0,0,0,0,0,1,0
353,1599.0,5999.0,73.34555759,4.2,25108.0,22.0,4400.0,0,0,0,0,0,0,0,0,0,0,0,0,0,0,0,0,1,0,0,0,0,0,0,0,0,0,1,0
354,1799.0,5999.0,70.01166861,4.2,453.0,22.0,4200.0,0,0,0,0,0,0,0,0,0,0,0,0,0,1,0,0,0,0,0,0,0,0,0,0,0,0,1,0
355,1499.0,5299.0,71.71164371,4.2,8574.0,22.0,3800.0,0,0,0,0,0,0,0,0,0,0,0,0,0,1,0,0,0,0,0,1,0,0,0,0,0,0,1,0
356,2499.0,5999.0,58.34305718,4.3,7767.0,22.0,3500.0,0,0,0,0,0,0,0,0,0,0,0,0,0,1,0,0,1,0,0,0,0,0,0,0,0,0,1,0
357,1799.0,3799.0,52.64543301,4.2,8003.0,22.0,2000.0,0,0,0,0,0,0,0,0,0,0,0,0,0,1,0,0,0,0,1,0,0,0,0,0,0,0,1,0
358,2299.0,3999.0,42.51062766,4.1,2475.0,22.0,1700.0,0,0,0,0,0,0,0,0,0,0,0,0,0,0,0,0,0,0,0,0,0,0,0,0,0,0,1,0
359,1999.0,5999.0,66.67777963,3.9,1099.0,22.0,4000.0,0,0,0,0,0,0,0,0,0,0,0,0,1,0,0,0,0,0,0,0,0,0,0,0,1,0,0,0
360,1499.0,3799.0,60.54224796,4.2,1804.0,22.0,2300.0,0,0,0,0,0,0,0,0,0,0,0,0,0,1,0,1,0,0,0,0,0,0,0,0,0,0,1,0
361,2799.0,7499.0,62.67502334,4.4,12644.0,22.0,4700.0,0,0,0,0,0,0,1,0,0,0,0,0,1,0,0,0,0,0,0,0,0,0,0,0,0,0,1,0
362,4199.0,9499.0,55.79534688,4.2,7828.0,22.0,5300.0,0,0,0,0,0,0,1,0,0,0,0,0,0,0,0,0,0,1,0,0,0,0,0,0,0,0,1,0
363,4199.0,9999.0,58.00580058,4.2,541.0,22.0,5800.0,0,0,0,0,0,0,1,0,0,0,0,0,0,0,0,0,0,1,0,0,0,0,0,0,0,0,1,0
364,1999.0,4999.0,60.0120024,4.0,4240.0,3.5,3000.0,0,0,0,0,0,0,1,0,0,0,0,0,1,0,1,0,0,0,0,0,0,0,0,0,0,0,1,0
365,4199.0,9499.0,55.79534688,4.2,7828.0,22.0,5300.0,0,0,0,0,0,0,1,0,0,0,0,0,0,0,0,1,0,0,0,0,0,0,0,0,0,0,1,0
366,1999.0,4999.0,60.0120024,4.0,4240.0,3.5,3000.0,0,0,0,0,0,0,1,0,0,0,0,0,1,0,0,0,0,1,0,0,0,0,0,0,0,0,1,0
368,4699.0,7499.0,37.33831177,4.1,20.0,8.0,2800.0,0,0,0,0,0,0,1,0,0,0,0,0,0,0,0,0,0,1,0,0,0,0,1,0,0,0,0,0
369,3999.0,9999.0,60.0060006,3.9,677.0,22.0,6000.0,0,0,0,0,0,0,1,0,0,0,0,0,1,0,1,0,0,0,0,0,0,0,0,0,0,0,1,0
370,3999.0,6499.0,38.46745653,3.4,45.0,22.0,2500.0,0,0,0,0,0,0,1,0,0,0,0,0,1,0,0,0,0,0,1,0,0,0,0,0,0,0,1,0
371,4990.0,6999.0,28.70410059,4.1,1964.0,8.0,2009.0,0,0,0,0,0,0,1,0,0,0,0,0,0,1,0,0,0,1,0,0,0,0,0,0,0,0,1,0
372,1499.0,4499.0,66.68148477,3.8,1338.0,17.5,3000.0,0,0,0,0,0,0,1,0,0,0,0,0,1,0,1,0,0,0,0,0,0,0,0,0,0,0,1,0
373,4990.0,6999.0,28.70410059,5.0,3.0,8.0,2009.0,0,0,0,0,0,0,1,0,0,0,0,0,0,1,1,0,0,0,0,0,0,0,0,0,0,1,0,0
374,3999.0,7999.0,50.00625078,3.9,2874.0,22.0,4000.0,0,0,0,0,0,0,1,0,0,0,0,0,0,1,0,0,0,0,0,0,0,0,0,0,0,0,1,0
375,3999.0,7499.0,46.67288972,4.1,99.0,22.0,3500.0,0,0,0,0,0,0,1,0,0,0,0,0,0,0,0,0,0,0,0,0,0,0,0,0,0,0,1,0
376,3999.0,7999.0,50.00625078,3.9,2874.0,22.0,4000.0,0,0,0,0,0,0,1,0,0,0,0,0,0,1,0,0,0,1,0,0,0,0,0,0,0,0,1,0
377,2499.0,4499.0,44.45432318,3.5,1014.0,17.5,2000.0,0,0,0,0,0,0,1,0,0,0,0,0,1,0,0,0,0,1,0,0,0,0,0,0,0,0,1,0
378,2999.0,5499.0,45.46281142,3.8,5.0,8.0,2500.0,0,0,0,0,0,0,1,0,0,0,0,0,0,1,0,0,0,1,0,0,0,0,0,0,0,0,1,0
379,4499.0,7499.0,40.00533404,3.1,10.0,8.0,3000.0,0,0,0,0,0,0,1,0,0,0,0,0,0,0,0,0,0,0,0,0,0,0,0,0,0,0,1,0
380,3069.0,4999.0,38.60772154,4.0,1371.0,22.0,1930.0,0,0,0,0,0,0,1,0,0,0,0,0,1,0,0,0,0,0,0,0,0,0,0,0,0,0,1,0
384,4990.0,6999.0,28.70410059,4.1,1964.0,3.5,2009.0,0,0,0,0,0,0,1,0,0,0,0,0,0,1,0,0,0,1,0,0,0,0,0,0,0,0,1,0
386,3999.0,5499.0,27.27768685,4.1,16.0,22.0,1500.0,0,0,0,0,0,0,1,0,0,0,0,0,1,0,0,0,0,0,0,0,0,0,0,0,0,0,1,0
387,2999.0,4999.0,40.0080016,4.0,1371.0,22.0,2000.0,0,0,0,0,0,0,1,0,0,0,0,0,1,0,1,0,0,0,0,0,0,0,0,0,0,0,1,0
390,2199.0,4999.0,56.01120224,3.9,272.0,22.0,2800.0,0,0,0,0,0,0,0,0,1,0,0,0,0,1,0,1,0,0,0,0,0,0,0,0,1,0,0,0
391,3499.0,5499.0,36.37024914,3.9,22.0,22.0,2000.0,0,0,0,0,0,0,0,0,1,0,0,0,0,1,0,0,0,0,0,0,0,0,0,0,0,0,1,0
392,2999.0,7999.0,62.50781348,3.5,22.0,3.5,5000.0,0,0,0,0,0,0,0,0,1,0,0,0,1,0,0,0,0,0,0,0,0,0,0,0,0,0,1,0
393,2399.0,7999.0,70.00875109,3.9,1328.0,22.0,5600.0,0,0,0,0,0,0,0,0,1,0,0,0,0,0,0,0,0,0,0,0,1,0,0,0,0,0,1,0
394,1999.0,3999.0,50.01250313,3.9,22.0,17.5,2000.0,0,0,0,0,0,0,0,0,1,0,0,0,0,1,0,0,0,1,0,0,0,0,0,0,0,0,1,0
395,4499.0,7499.0,40.00533404,3.7,3.0,22.0,3000.0,0,0,0,0,0,0,0,0,1,0,0,0,1,0,0,0,0,0,0,0,0,0,0,0,0,0,1,0
396,2199.0,4999.0,56.01120224,3.9,22.0,17.5,2800.0,0,0,0,0,0,0,0,0,1,0,0,0,0,1,0,0,0,0,0,0,0,0,0,0,0,0,1,0
397,2999.0,5999.0,50.00833472,3.6,55.0,22.0,3000.0,0,0,0,0,0,0,0,0,1,0,0,0,0,1,0,0,0,0,0,0,0,0,0,0,0,0,0,1
398,5499.0,7499.0,26.6702227,3.9,22.0,22.0,2000.0,0,0,0,0,0,0,0,0,1,0,0,0,0,1,0,0,0,0,0,0,0,0,0,0,0,0,1,0
400,2799.0,5499.0,49.09983633,3.9,22.0,22.0,2700.0,0,0,0,0,0,0,0,0,1,0,0,0,0,1,0,0,0,0,0,0,0,0,0,0,0,1,0,0
401,1799.0,3999.0,55.01375344,4.2,1823.0,22.0,2200.0,0,0,0,0,0,0,0,0,1,0,0,0,0,1,0,0,0,1,0,0,0,0,0,0,0,0,1,0
402,3499.0,7999.0,56.25703213,1.0,1.0,22.0,4500.0,0,0,0,0,0,0,0,0,1,0,0,0,0,0,0,0,0,0,0,0,0,0,0,0,0,0,1,0
403,1399.0,4499.0,68.90420093,4.0,469.0,22.0,3100.0,0,0,0,0,0,0,0,0,1,0,0,0,0,1,0,0,0,0,0,1,0,0,0,0,1,0,0,0
405,3099.0,7999.0,61.25765721,2.3,3.0,22.0,4900.0,0,0,0,0,0,0,0,0,1,0,1,0,0,0,0,0,0,0,0,0,1,0,0,0,0,0,0,0
406,1897.0,1899.0,0.105318589,3.3,4.0,22.0,2.0,0,0,0,0,0,0,0,0,1,0,0,0,1,0,0,0,1,0,0,0,0,0,0,0,0,0,1,0
407,2949.0,4199.0,29.76899262,3.1,10.0,17.5,1250.0,0,0,0,0,0,0,0,0,1,0,0,1,0,0,0,0,0,0,0,0,0,0,1,0,0,0,0,0
408,3449.0,4199.0,17.86139557,2.9,17.0,3.5,750.0,0,0,0,0,0,0,0,0,1,0,0,0,0,0,0,0,0,0,0,0,0,0,0,0,0,0,1,0
409,1499.0,2999.0,50.01667222,3.1,24.0,22.0,1500.0,0,0,0,0,0,0,0,0,1,0,0,0,0,0,0,0,0,0,0,0,0,0,0,0,0,1,0,0
412,2399.0,11999.0,80.00666722,2.5,6022.0,22.0,9600.0,0,0,0,1,0,0,0,0,0,0,0,0,0,1,0,0,0,0,0,0,0,0,0,0,0,0,1,0
415,2299.0,5999.0,61.67694616,2.5,24.0,22.0,3700.0,0,0,0,1,0,0,0,0,0,0,0,0,0,1,1,0,0,0,0,0,0,0,0,0,0,0,1,0
416,2299.0,5999.0,61.67694616,2.5,201.0,22.0,3700.0,0,0,0,1,0,0,0,0,0,0,0,0,0,1,0,0,0,0,0,0,0,0,0,0,0,0,1,0
418,4599.0,17999.0,74.44858048,2.5,11.0,22.0,13400.0,0,0,0,1,0,0,0,0,0,0,0,0,0,1,0,0,0,0,0,0,0,0,0,0,0,0,1,0
419,3299.0,9999.0,67.00670067,2.5,5.0,22.0,6700.0,0,0,0,1,0,0,0,0,0,0,0,0,0,1,0,0,1,0,0,0,0,0,0,0,0,0,1,0
420,2699.0,4999.0,46.00920184,2.5,33.0,22.0,2300.0,0,0,0,1,0,0,0,0,0,0,0,0,0,1,0,0,0,0,0,0,0,0,0,0,0,0,1,0
421,2799.0,7999.0,65.00812602,4.2,5.0,22.0,5200.0,0,0,0,1,0,0,0,0,0,0,0,0,0,1,0,0,0,0,0,0,0,0,0,0,0,1,0,0
422,3449.0,9999.0,65.50655066,3.8,83.0,22.0,6550.0,0,0,0,1,0,0,0,0,0,0,0,0,0,1,0,0,0,0,0,0,0,0,0,0,0,1,0,0
423,3499.0,9999.0,65.00650065,4.8,4.0,8.0,6500.0,0,0,0,1,0,0,0,0,0,0,0,0,0,1,0,0,0,0,0,0,1,0,0,0,0,1,0,0
424,3999.0,9999.0,60.0060006,3.1,8.0,22.0,6000.0,0,0,0,1,0,0,0,0,0,0,0,0,1,0,0,0,0,0,0,0,0,0,0,0,0,0,1,0
426,3599.0,5999.0,40.00666778,5.0,3.0,22.0,2400.0,0,0,0,1,0,0,0,0,0,0,0,0,1,0,0,0,0,0,0,0,0,0,0,0,0,0,1,0
431,3999.0,9999.0,60.0060006,3.7,3.0,22.0,6000.0,0,0,0,1,0,0,0,0,0,0,0,0,0,1,0,0,0,0,1,0,0,0,0,0,0,0,1,0
434,2298.0,5999.0,61.6936156,3.6,5.0,22.0,3701.0,0,0,0,1,0,0,0,0,0,0,0,0,0,1,0,0,0,0,0,0,0,0,0,0,0,1,0,0
442,3999.0,9999.0,60.0060006,3.7,6.0,22.0,6000.0,0,0,0,1,0,0,0,0,0,0,0,0,0,1,0,0,0,1,0,0,0,0,0,0,0,1,0,0
